xcorn,ycorn
1.3367137,103.69918
1.3333,103.69918
1.3333,103.69999
1.3367137,103.69999
1.3367137,103.69918
1.3333,103.69918
1.3298863,103.69918
1.3298863,103.69999
1.3333,103.69999
1.3333,103.69918
1.3367137,103.69999
1.3333,103.69999
1.3333,103.700806
1.3367137,103.700806
1.3367137,103.69999
1.3333,103.69999
1.3298863,103.69999
1.3298863,103.700806
1.3333,103.700806
1.3333,103.69999
103.7378,1.3352461
103.73861,1.3352461
103.73861,1.3360572
103.7378,1.3360572
103.7378,1.3352461
103.73861,1.3352461
103.73942,1.3352461
103.73942,1.3360572
103.73861,1.3360572
103.73861,1.3352461
103.7378,1.3360572
103.73861,1.3360572
103.73861,1.3368684
103.7378,1.3368684
103.7378,1.3360572
103.73861,1.3360572
103.73942,1.3360572
103.73942,1.3368684
103.73861,1.3368684
103.73861,1.3360572
