xcorn,ycorn
1.3367137,103.69918
1.3333,103.69918
1.3333,103.69999
1.3367137,103.69999
1.3367137,103.69918
1.3333,103.69918
1.3298863,103.69918
1.3298863,103.69999
1.3333,103.69999
1.3333,103.69918
1.3367137,103.69999
1.3333,103.69999
1.3333,103.700806
1.3367137,103.700806
1.3367137,103.69999
1.3333,103.69999
1.3298863,103.69999
1.3298863,103.700806
1.3333,103.700806
1.3333,103.69999
103.740875,1.3373245
103.741684,1.3373245
103.741684,1.3381356
103.740875,1.3381356
103.740875,1.3373245
103.741684,1.3373245
103.74249,1.3373245
103.74249,1.3381356
103.741684,1.3381356
103.741684,1.3373245
103.740875,1.3381356
103.741684,1.3381356
103.741684,1.3389468
103.740875,1.3389468
103.740875,1.3381356
103.741684,1.3381356
103.74249,1.3381356
103.74249,1.3389468
103.741684,1.3389468
103.741684,1.3381356
103.740875,1.3373245
103.741684,1.3373245
103.741684,1.3381356
103.740875,1.3381356
103.740875,1.3373245
103.741684,1.3373245
103.74249,1.3373245
103.74249,1.3381356
103.741684,1.3381356
103.741684,1.3373245
103.740875,1.3381356
103.741684,1.3381356
103.741684,1.3389468
103.740875,1.3389468
103.740875,1.3381356
103.741684,1.3381356
103.74249,1.3381356
103.74249,1.3389468
103.741684,1.3389468
103.741684,1.3381356
