xcorn,ycorn
1.3367137,103.69918
1.3333,103.69918
1.3333,103.69999
1.3367137,103.69999
1.3367137,103.69918
1.3333,103.69918
1.3298863,103.69918
1.3298863,103.69999
1.3333,103.69999
1.3333,103.69918
1.3367137,103.69999
1.3333,103.69999
1.3333,103.700806
1.3367137,103.700806
1.3367137,103.69999
1.3333,103.69999
1.3298863,103.69999
1.3298863,103.700806
1.3333,103.700806
1.3333,103.69999
103.74084,1.3355925
103.741646,1.3355925
103.741646,1.3364037
103.74084,1.3364037
103.74084,1.3355925
103.741646,1.3355925
103.742455,1.3355925
103.742455,1.3364037
103.741646,1.3364037
103.741646,1.3355925
103.74084,1.3364037
103.741646,1.3364037
103.741646,1.3372148
103.74084,1.3372148
103.74084,1.3364037
103.741646,1.3364037
103.742455,1.3364037
103.742455,1.3372148
103.741646,1.3372148
103.741646,1.3364037
103.74149,1.3298191
103.7423,1.3298191
103.7423,1.3306302
103.74149,1.3306302
103.74149,1.3298191
103.7423,1.3298191
103.74311,1.3298191
103.74311,1.3306302
103.7423,1.3306302
103.7423,1.3298191
103.74149,1.3306302
103.7423,1.3306302
103.7423,1.3314414
103.74149,1.3314414
103.74149,1.3306302
103.7423,1.3306302
103.74311,1.3306302
103.74311,1.3314414
103.7423,1.3314414
103.7423,1.3306302
103.7341,1.3236995
103.73491,1.3236995
103.73491,1.3245106
103.7341,1.3245106
103.7341,1.3236995
103.73491,1.3236995
103.73572,1.3236995
103.73572,1.3245106
103.73491,1.3245106
103.73491,1.3236995
103.7341,1.3245106
103.73491,1.3245106
103.73491,1.3253218
103.7341,1.3253218
103.7341,1.3245106
103.73491,1.3245106
103.73572,1.3245106
103.73572,1.3253218
103.73491,1.3253218
103.73491,1.3245106
103.73095,1.326663
103.73176,1.326663
103.73176,1.3274741
103.73095,1.3274741
103.73095,1.326663
103.73176,1.326663
103.73257,1.326663
103.73257,1.3274741
103.73176,1.3274741
103.73176,1.326663
103.73095,1.3274741
103.73176,1.3274741
103.73176,1.3282853
103.73095,1.3282853
103.73095,1.3274741
103.73176,1.3274741
103.73257,1.3274741
103.73257,1.3282853
103.73176,1.3282853
103.73176,1.3274741
