xcorn,ycorn
1.3367137,103.69918
1.3333,103.69918
1.3333,103.69999
1.3367137,103.69999
1.3367137,103.69918
1.3333,103.69918
1.3298863,103.69918
1.3298863,103.69999
1.3333,103.69999
1.3333,103.69918
1.3367137,103.69999
1.3333,103.69999
1.3333,103.700806
1.3367137,103.700806
1.3367137,103.69999
1.3333,103.69999
1.3298863,103.69999
1.3298863,103.700806
1.3333,103.700806
1.3333,103.69999
103.740265,1.345715
103.74107,1.345715
103.74107,1.3465261
103.740265,1.3465261
103.740265,1.345715
103.74107,1.345715
103.74188,1.345715
103.74188,1.3465261
103.74107,1.3465261
103.74107,1.345715
103.740265,1.3465261
103.74107,1.3465261
103.74107,1.3473374
103.740265,1.3473374
103.740265,1.3465261
103.74107,1.3465261
103.74188,1.3465261
103.74188,1.3473374
103.74107,1.3473374
103.74107,1.3465261
