xvert,yvert
1.3381231,103.698006
1.3348258,103.69822
1.3357092,103.699
1.3390065,103.69879
1.3381231,103.698006
1.3348258,103.69822
1.3315283,103.698425
1.3324119,103.69921
1.3357092,103.699
1.3348258,103.69822
1.3315283,103.698425
1.328231,103.69864
1.3291146,103.69942
1.3324119,103.69921
1.3315283,103.698425
1.328231,103.69864
1.3249336,103.698845
1.3258171,103.69963
1.3291146,103.69942
1.328231,103.69864
1.3390065,103.69879
1.3357092,103.699
1.3365928,103.69978
1.3398901,103.69957
1.3390065,103.69879
1.3357092,103.699
1.3324119,103.69921
1.3332953,103.69999
1.3365928,103.69978
1.3357092,103.699
1.3324119,103.69921
1.3291146,103.69942
1.329998,103.7002
1.3332953,103.69999
1.3324119,103.69921
1.3291146,103.69942
1.3258171,103.69963
1.3267007,103.70041
1.329998,103.7002
1.3291146,103.69942
1.3398901,103.69957
1.3365928,103.69978
1.3374763,103.70057
1.3407736,103.700356
1.3398901,103.69957
1.3365928,103.69978
1.3332953,103.69999
1.3341789,103.700775
1.3374763,103.70057
1.3365928,103.69978
1.3332953,103.69999
1.329998,103.7002
1.3308816,103.70099
1.3341789,103.700775
1.3332953,103.69999
1.329998,103.7002
1.3267007,103.70041
1.3275843,103.701195
1.3308816,103.70099
1.329998,103.7002
1.3407736,103.700356
1.3374763,103.70057
1.3383598,103.70135
1.3416572,103.70114
1.3407736,103.700356
1.3374763,103.70057
1.3341789,103.700775
1.3350625,103.70156
1.3383598,103.70135
1.3374763,103.70057
1.3341789,103.700775
1.3308816,103.70099
1.331765,103.70177
1.3350625,103.70156
1.3341789,103.700775
1.3308816,103.70099
1.3275843,103.701195
1.3284677,103.70198
1.331765,103.70177
1.3308816,103.70099
